timestamp,agent,agent_ip,rule_id,rule_level,rule_groups,event_desc,decoder,location,syscheck_event,syscheck_path,syscheck_size,syscheck_sha256,syscheck_uname,syscheck_mtime,data_file,data_title,event_type,app_proto,proto,src_ip,src_port,dst_ip,dst_port,alert_severity,alert_signature,alert_category,bytes_toserver,bytes_toclient,pkts_toserver,pkts_toclient,bytes,length,full_log,hour,day_of_week,minute,is_night,is_weekend,is_business_hours,is_well_known_port,is_registered_port,is_dynamic_port,port_range,is_ephemeral_src,log_bytes,packet_size_category,log_length,total_packets,packet_ratio,is_internal_src,is_internal_dst,is_internal_communication,is_syscheck_event,is_file_added,is_file_modified,is_file_deleted,syscheck_path_length,is_system_path,is_user_path,is_high_severity_alert,has_alert_category,alert_signature_length,has_alert_signature,is_alert_event,is_flow_event,has_app_proto,is_http_proto,is_ssl_proto,event_desc_length,event_word_count,danger_keyword_count,is_auth_event,is_fim_event,severity_category,is_critical,is_high,is_medium,time_delta,events_in_window,avg_event_frequency,is_burst,event_velocity,agent_event_count,is_rare_agent,src_ip_count,is_rare_src_ip,agent_avg_rule_level,rule_level_deviation,agent_code,proto_code,event_desc_code,decoder_code,location_code,syscheck_event_code,syscheck_path_code,alert_signature_code,alert_category_code,event_type_code,app_proto_code,data_file_code,data_title_code,port_range_code,severity_category_code,packet_size_category_code,anomaly_label,anomaly_score,anomaly_votes,iforest_vote,lof_vote,svm_vote
2025-10-21 09:50:43.478000+00:00,wazuh-server,0.0,5901,8,"syslog, adduser",new group added to the system.,groupadd,journald,nan,nan,0.0,,,,nan,nan,nan,nan,nan,,0.0,,0.0,0.0,nan,nan,0.0,0.0,0.0,0.0,0.0,0.0,"Oct 21 09:50:42 wazuh-server groupadd[111097]: new group: name=wazuh-dashboard, GID=111",9,1,50,0,0,1,0,0,0,web,0,0.0,tiny,0.0,0.0,0.0,0,0,0,1,0,0,0,3,0,0,0,0,3,0,0,0,1,0,0,30,6,0,0,0,medium,0,0,1,0.024,287,28.7,0,1.0,1020,0,,0,4.486274509803922,3.5137254901960784,1,1,295,1,3,3,470,10,4,1,2,1,1,3,2,3,-1,-1.448820801544443,2,1,-1,-1
2025-10-21 09:59:41.134000+00:00,wazuh-server,0.0,5715,3,"syslog, sshd, authentication_success",sshd: authentication success.,sshd,journald,nan,nan,0.0,,,,nan,nan,nan,nan,nan,,0.0,,0.0,0.0,nan,nan,0.0,0.0,0.0,0.0,0.0,0.0,Oct 21 09:59:40 wazuh-server sshd[114840]: Accepted password for dangminh from 172.16.158.1 port 48991 ssh2,9,1,59,0,0,1,0,0,0,web,0,0.0,tiny,0.0,0.0,0.0,0,0,0,1,0,0,0,3,0,0,0,0,3,0,0,0,1,0,0,29,3,0,1,0,info,0,0,0,66.016,25,2.5,0,-282.0,1020,0,,0,4.486274509803922,1.4862745098039216,1,1,304,9,3,3,470,10,4,1,2,1,1,3,0,3,-1,-4.345901382843894,2,1,-1,-1
2025-10-21 15:20:33.136000+00:00,pfsense.home.arpa,0.0,86601,3,"ids, suricata",suricata: alert - suricata applayer detect protocol only one direction,json,/var/log/suricata/suricata_em044793/eve.json,nan,nan,0.0,,,,nan,nan,alert,dns,tcp,192.168.180.129,30820.0,193.0.14.129,53.0,3.0,suricata applayer detect protocol only one direction,generic protocol command decode,369.0,1415.0,5.0,4.0,3691415.0,0.0,,15,1,20,0,0,1,1,0,0,web,0,15.121520682244807,nan,0.0,9.0,0.5555555555555556,1,0,0,1,0,0,0,3,0,0,1,1,52,1,1,0,1,0,0,70,10,0,0,0,info,0,0,0,0.016,6,0.6,0,1.0,1066,0,127.0,0,4.031894934333959,1.031894934333959,0,2,318,2,2,3,470,11,1,0,0,1,1,3,0,2,-1,-0.35936113101075357,2,-1,1,-1
2025-10-27 11:48:55.373000+00:00,wazuh-server,0.0,40704,5,"local, systemd",systemd: service exited due to a failure.,systemd,journald,nan,nan,0.0,,,,nan,nan,nan,nan,nan,,0.0,,0.0,0.0,nan,nan,0.0,0.0,0.0,0.0,0.0,0.0,"Oct 27 11:48:54 wazuh-server systemd[1]: fwupd-refresh.service: Main process exited, code=exited, status=1/FAILURE",11,0,48,0,0,1,0,0,0,web,0,0.0,tiny,0.0,0.0,0.0,0,0,0,1,0,0,0,3,0,0,0,0,3,0,0,0,1,0,0,41,7,0,0,0,low,0,0,0,465401.562,1,0.1,0,-12.0,1020,0,,0,4.486274509803922,0.5137254901960784,1,1,327,14,3,3,470,10,4,1,2,1,1,3,1,3,-1,-4.248114073200329,2,1,-1,-1
2025-10-27 12:05:33.031000+00:00,pfsense.home.arpa,0.0,86601,3,"ids, suricata",suricata: alert - gpl icmp ping *nix,json,/var/log/suricata/suricata_em044793/eve.json,nan,nan,0.0,,,,nan,nan,alert,nan,icmp,192.168.180.1,0.0,192.168.180.129,0.0,3.0,gpl icmp ping *nix,misc activity,98.0,0.0,1.0,0.0,980.0,0.0,,12,0,5,0,0,1,0,0,0,web,0,6.8885724595653635,medium,0.0,1.0,1.0,1,1,1,1,0,0,0,3,0,0,1,1,18,1,1,0,1,0,0,36,7,0,0,0,info,0,0,0,466376.313,1,0.1,0,0.0,1066,0,51.0,0,4.031894934333959,1.031894934333959,0,0,317,2,2,3,470,9,2,0,2,1,1,3,0,1,-1,-2.485867755522903,2,-1,1,-1
2025-10-27 15:21:09.916000+00:00,pfsense.home.arpa,0.0,86601,3,"ids, suricata",suricata: alert - suricata stream fin1 fin with wrong seq,json,/var/log/suricata/suricata_em044793/eve.json,nan,nan,0.0,,,,nan,nan,alert,nan,tcp,199.249.112.1,53.0,192.168.180.129,63171.0,3.0,suricata stream fin1 fin with wrong seq,generic protocol command decode,148.0,1020.0,2.0,17.0,1481020.0,0.0,,15,0,21,0,0,1,0,0,1,dynamic,0,14.20824227275778,nan,0.0,19.0,0.10526315789473684,0,1,0,1,0,0,0,3,0,0,1,1,39,1,1,0,1,0,0,57,10,0,0,0,info,0,0,0,31.559,12,1.2,0,1.0,1066,0,11.0,0,4.031894934333959,1.031894934333959,0,2,322,2,2,3,470,15,1,0,2,1,1,0,0,2,-1,-0.8479221320429927,2,-1,1,-1
2025-10-27 15:22:14.683000+00:00,pfsense.home.arpa,0.0,86601,3,"ids, suricata",suricata: alert - suricata stream fin1 fin with wrong seq,json,/var/log/suricata/suricata_em044793/eve.json,nan,nan,0.0,,,,nan,nan,alert,nan,tcp,199.249.112.1,53.0,192.168.180.129,63171.0,3.0,suricata stream fin1 fin with wrong seq,generic protocol command decode,148.0,1080.0,2.0,18.0,1481080.0,0.0,,15,0,22,0,0,1,0,0,1,dynamic,0,14.208282784529493,nan,0.0,20.0,0.1,0,1,0,1,0,0,0,3,0,0,1,1,39,1,1,0,1,0,0,57,10,0,0,0,info,0,0,0,64.767,13,1.3,0,1.0,1066,0,11.0,0,4.031894934333959,1.031894934333959,0,2,322,2,2,3,470,15,1,0,2,1,1,0,0,2,-1,-0.8945102491219618,2,-1,1,-1
2025-10-27 15:24:22.360000+00:00,pfsense.home.arpa,0.0,86601,3,"ids, suricata",suricata: alert - suricata stream fin1 fin with wrong seq,json,/var/log/suricata/suricata_em044793/eve.json,nan,nan,0.0,,,,nan,nan,alert,nan,tcp,199.249.112.1,53.0,192.168.180.129,63171.0,3.0,suricata stream fin1 fin with wrong seq,generic protocol command decode,148.0,1140.0,2.0,19.0,1481140.0,0.0,,15,0,24,0,0,1,0,0,1,dynamic,0,14.208323294660069,nan,0.0,21.0,0.09523809523809523,0,1,0,1,0,0,0,3,0,0,1,1,39,1,1,0,1,0,0,57,10,0,0,0,info,0,0,0,127.677,14,1.4,0,1.0,1066,0,11.0,0,4.031894934333959,1.031894934333959,0,2,322,2,2,3,470,15,1,0,2,1,1,0,0,2,-1,-0.9515482147980143,2,-1,1,-1
2025-10-28 02:10:07.647000+00:00,pfsense.home.arpa,0.0,86601,3,"ids, suricata",suricata: alert - et info gnu/linux apt user-agent outbound likely related to package management,json,/var/log/suricata/suricata_em044793/eve.json,nan,nan,0.0,,,,nan,nan,alert,http,tcp,192.168.180.129,18112.0,118.69.65.177,80.0,3.0,et info gnu/linux apt user-agent outbound likely related to package management,not suspicious traffic,460.0,349.0,4.0,3.0,460349.0,0.0,,2,1,10,1,0,0,1,0,0,web,0,13.039742348715992,nan,0.0,7.0,0.5714285714285714,1,0,0,1,0,0,0,3,0,0,1,1,78,1,1,0,1,1,0,96,14,0,0,0,info,0,0,0,38745.287,1,0.1,0,-13.0,1066,0,127.0,0,4.031894934333959,1.031894934333959,0,2,309,2,2,3,470,1,5,0,1,1,1,3,0,2,-1,-1.4105371901439776,2,-1,1,-1
2025-10-28 02:10:52.758000+00:00,pfsense.home.arpa,0.0,86601,3,"ids, suricata",suricata: alert - et info gnu/linux apt user-agent outbound likely related to package management,json,/var/log/suricata/suricata_em044793/eve.json,nan,nan,0.0,,,,nan,nan,alert,http,tcp,192.168.180.129,13595.0,185.125.190.83,80.0,3.0,et info gnu/linux apt user-agent outbound likely related to package management,not suspicious traffic,500.0,120.0,4.0,2.0,500120.0,0.0,,2,1,10,1,0,0,1,0,0,web,0,13.122605348127053,nan,0.0,6.0,0.6666666666666666,1,0,0,1,0,0,0,3,0,0,1,1,78,1,1,0,1,1,0,96,14,0,0,0,info,0,0,0,45.111,2,0.2,0,1.0,1066,0,127.0,0,4.031894934333959,1.031894934333959,0,2,309,2,2,3,470,1,5,0,1,1,1,3,0,2,-1,-1.5194577610387483,2,-1,1,-1
2025-10-28 02:11:17.406000+00:00,pfsense.home.arpa,0.0,86601,3,"ids, suricata",suricata: alert - et info gnu/linux apt user-agent outbound likely related to package management,json,/var/log/suricata/suricata_em044793/eve.json,nan,nan,0.0,,,,nan,nan,alert,http,tcp,192.168.180.129,63874.0,185.125.190.81,80.0,3.0,et info gnu/linux apt user-agent outbound likely related to package management,not suspicious traffic,746.0,120.0,7.0,2.0,746120.0,0.0,,2,1,11,1,0,0,1,0,0,web,1,13.522643064424582,nan,0.0,9.0,0.7777777777777778,1,0,0,1,0,0,0,3,0,0,1,1,78,1,1,0,1,1,0,96,14,0,0,0,info,0,0,0,0.0,14,1.4,0,1.0,1066,0,127.0,0,4.031894934333959,1.031894934333959,0,2,309,2,2,3,470,1,5,0,1,1,1,3,0,2,-1,-2.719420652386589,3,-1,-1,-1
2025-10-28 02:15:43.324000+00:00,pfsense.home.arpa,0.0,86601,3,"ids, suricata",suricata: alert - et info gnu/linux apt user-agent outbound likely related to package management,json,/var/log/suricata/suricata_em044793/eve.json,nan,nan,0.0,,,,nan,nan,alert,http,tcp,192.168.180.129,57799.0,118.69.65.177,80.0,3.0,et info gnu/linux apt user-agent outbound likely related to package management,not suspicious traffic,414.0,1932.0,4.0,4.0,4141932.0,0.0,,2,1,15,1,0,0,1,0,0,web,1,15.236673145046336,nan,0.0,8.0,0.5,1,0,0,1,0,0,0,3,0,0,1,1,78,1,1,0,1,1,0,96,14,0,0,0,info,0,0,0,265.918,15,1.5,0,1.0,1066,0,127.0,0,4.031894934333959,1.031894934333959,0,2,309,2,2,3,470,1,5,0,1,1,1,3,0,2,-1,-2.0009139507409297,2,-1,1,-1
2025-10-28 10:31:19.160000+00:00,pfsense.home.arpa,0.0,86601,3,"ids, suricata",suricata: alert - et scan suspicious inbound to oracle sql port 1521,json,/var/log/suricata/suricata_em044793/eve.json,nan,nan,0.0,,,,nan,nan,alert,nan,tcp,192.168.180.1,51089.0,192.168.180.129,1521.0,2.0,et scan suspicious inbound to oracle sql port 1521,potentially bad traffic,60.0,0.0,1.0,0.0,600.0,0.0,,10,1,31,0,0,1,0,1,0,registered,1,6.398594934535208,medium,0.0,1.0,1.0,1,1,1,1,0,0,0,3,0,0,1,1,50,1,1,0,1,0,0,68,12,2,0,0,info,0,0,0,0.003,7,0.7,0,1.0,1066,0,51.0,0,4.031894934333959,1.031894934333959,0,2,314,2,2,3,470,6,6,0,2,1,1,2,0,1,-1,-0.37227301903776455,2,-1,1,-1
2025-10-28 15:17:59.409000+00:00,pfsense.home.arpa,0.0,86601,3,"ids, suricata",suricata: alert - et scan potential ssh scan,json,/var/log/suricata/suricata_em044793/eve.json,nan,nan,0.0,,,,nan,nan,alert,nan,tcp,192.168.180.1,45252.0,192.168.180.129,22.0,2.0,et scan potential ssh scan,attempted information leak,222.0,0.0,3.0,0.0,2220.0,0.0,,15,1,17,0,0,1,1,0,0,web,1,7.7057128238944275,large,0.0,3.0,1.0,1,1,1,1,0,0,0,3,0,0,1,1,26,1,1,0,1,0,0,44,8,1,0,0,info,0,0,0,26.195,8,0.8,0,1.0,1066,0,51.0,0,4.031894934333959,1.031894934333959,0,2,310,2,2,3,470,2,0,0,2,1,1,3,0,0,-1,-3.0367007457376545,2,-1,-1,1
2025-10-28 15:20:10.371000+00:00,pfsense.home.arpa,0.0,86601,3,"ids, suricata",suricata: alert - et scan potential ssh scan,json,/var/log/suricata/suricata_em044793/eve.json,nan,nan,0.0,,,,nan,nan,alert,nan,tcp,192.168.180.1,44926.0,192.168.180.129,22.0,2.0,et scan potential ssh scan,attempted information leak,74.0,0.0,1.0,0.0,740.0,0.0,,15,1,20,0,0,1,1,0,0,web,1,6.608000625296087,medium,0.0,1.0,1.0,1,1,1,1,0,0,0,3,0,0,1,1,26,1,1,0,1,0,0,44,8,1,0,0,info,0,0,0,128.942,10,1.0,0,1.0,1066,0,51.0,0,4.031894934333959,1.031894934333959,0,2,310,2,2,3,470,2,0,0,2,1,1,3,0,1,-1,-2.952992461464118,2,-1,-1,1
2025-11-03 14:44:50.419000+00:00,wazuh-server,0.0,52004,4,"local, syslog, apparmor",apparmor denied mknod operation.,kernel,journald,nan,nan,0.0,,,,nan,nan,nan,nan,nan,,0.0,,0.0,0.0,nan,nan,0.0,0.0,0.0,0.0,0.0,0.0,"Nov 03 14:44:49 wazuh-server kernel: audit: type=1400 audit(1762181089.546:778): apparmor=""DENIED"" operation=""mknod"" class=""file"" profile=""ubuntu_pro_apt_news"" name=""/usr/lib/python3/dist-packages/uaclient/__pycache__/defaults.cpython-312.pyc.137932742972208"" pid=135610 comm=""python3"" requested_mask=""c"" denied_mask=""c"" fsuid=0 ouid=0",14,0,44,0,0,1,0,0,0,web,0,0.0,tiny,0.0,0.0,0.0,0,0,0,1,0,0,0,3,0,0,0,0,3,0,0,0,1,0,0,32,4,1,0,0,low,0,0,0,484159.024,1,0.1,0,-10.0,1020,0,,0,4.486274509803922,0.4862745098039216,1,1,3,3,3,3,470,10,4,1,2,1,1,3,1,3,-1,-4.520713087558929,2,1,-1,-1
2025-11-04 08:15:14.077000+00:00,pfsense.home.arpa,0.0,503,3,ossec,wazuh agent started.,ossec,wazuh-agent,nan,nan,0.0,,,,nan,nan,nan,nan,nan,,0.0,,0.0,0.0,nan,nan,0.0,0.0,0.0,0.0,0.0,0.0,ossec: Agent started: 'pfSense.home.arpa->any'.,8,1,15,0,0,0,0,0,0,web,0,0.0,tiny,0.0,0.0,0.0,0,0,0,1,0,0,0,3,0,0,0,0,3,0,0,0,1,0,0,20,3,0,0,0,info,0,0,0,547102.599,1,0.1,0,-12.0,1066,0,,0,4.031894934333959,1.031894934333959,0,1,329,5,8,3,470,10,4,1,2,1,1,3,0,3,-1,-2.7969033883945595,2,1,-1,-1
2025-11-04 08:15:32.949000+00:00,wazuh-server,0.0,19011,9,sca,cis ubuntu linux 24.04 lts benchmark v1.0.0.: ensure a nftables table exists.: status changed from passed to failed,sca,sca,nan,nan,0.0,,,,nan,nan,nan,nan,nan,,0.0,,0.0,0.0,nan,nan,0.0,0.0,0.0,0.0,0.0,0.0,,8,1,15,0,0,0,0,0,0,web,0,0.0,tiny,0.0,0.0,0.0,0,0,0,1,0,0,0,3,0,0,0,0,3,0,0,0,1,0,0,115,18,1,0,1,medium,0,0,1,7.803,3,0.3,0,1.0,1020,0,,0,4.486274509803922,4.513725490196078,1,1,9,8,6,3,470,10,4,1,2,1,1,3,2,3,-1,-2.4175463223025386,2,1,-1,-1
2025-11-04 08:48:39.713000+00:00,pfsense.home.arpa,0.0,86601,3,"ids, suricata",suricata: alert - et scan suspicious inbound to postgresql port 5432,json,/var/log/suricata/suricata_em044793/eve.json,nan,nan,0.0,,,,nan,nan,alert,nan,tcp,192.168.180.1,53941.0,192.168.180.129,5432.0,2.0,et scan suspicious inbound to postgresql port 5432,potentially bad traffic,60.0,0.0,1.0,0.0,600.0,0.0,,8,1,48,0,0,0,0,1,0,registered,1,6.398594934535208,medium,0.0,1.0,1.0,1,1,1,1,0,0,0,3,0,0,1,1,50,1,1,0,1,0,0,68,11,2,0,0,info,0,0,0,56.45,5,0.5,0,1.0,1066,0,51.0,0,4.031894934333959,1.031894934333959,0,2,315,2,2,3,470,7,6,0,2,1,1,2,0,1,-1,-0.4300893784225724,2,-1,1,-1
2025-11-04 08:48:41.716000+00:00,pfsense.home.arpa,0.0,86601,3,"ids, suricata",suricata: alert - et scan suspicious inbound to postgresql port 5432,json,/var/log/suricata/suricata_em044793/eve.json,nan,nan,0.0,,,,nan,nan,alert,nan,tcp,192.168.180.1,53943.0,192.168.180.129,5432.0,2.0,et scan suspicious inbound to postgresql port 5432,potentially bad traffic,60.0,0.0,1.0,0.0,600.0,0.0,,8,1,48,0,0,0,0,1,0,registered,1,6.398594934535208,medium,0.0,1.0,1.0,1,1,1,1,0,0,0,3,0,0,1,1,50,1,1,0,1,0,0,68,11,2,0,0,info,0,0,0,2.003,6,0.6,0,1.0,1066,0,51.0,0,4.031894934333959,1.031894934333959,0,2,315,2,2,3,470,7,6,0,2,1,1,2,0,1,-1,-0.42809392659387235,2,-1,1,-1
2025-11-04 08:52:01.152000+00:00,pfsense.home.arpa,0.0,86601,3,"ids, suricata",suricata: alert - suricata applayer detect protocol only one direction,json,/var/log/suricata/suricata_em044793/eve.json,nan,nan,0.0,,,,nan,nan,alert,http,tcp,192.168.180.1,34260.0,192.168.180.129,80.0,3.0,suricata applayer detect protocol only one direction,generic protocol command decode,32378.0,1887.0,25.0,24.0,323781887.0,0.0,,8,1,52,0,0,0,1,0,0,web,1,19.59558066188053,nan,0.0,49.0,0.5102040816326531,1,1,1,1,0,0,0,3,0,0,1,1,52,1,1,0,1,1,0,70,10,0,0,0,info,0,0,0,3.988,9,0.9,0,1.0,1066,0,51.0,0,4.031894934333959,1.031894934333959,0,2,318,2,2,3,470,11,1,0,1,1,1,3,0,2,-1,-0.37410752697508515,2,-1,1,-1
2025-11-04 08:52:15.282000+00:00,pfsense.home.arpa,0.0,86601,3,"ids, suricata",suricata: alert - suricata applayer detect protocol only one direction,json,/var/log/suricata/suricata_em044793/eve.json,nan,nan,0.0,,,,nan,nan,alert,http,tcp,192.168.180.1,39866.0,192.168.180.129,80.0,3.0,suricata applayer detect protocol only one direction,generic protocol command decode,32378.0,1887.0,25.0,24.0,323781887.0,0.0,,8,1,52,0,0,0,1,0,0,web,1,19.59558066188053,nan,0.0,49.0,0.5102040816326531,1,1,1,1,0,0,0,3,0,0,1,1,52,1,1,0,1,1,0,70,10,0,0,0,info,0,0,0,14.13,10,1.0,0,1.0,1066,0,51.0,0,4.031894934333959,1.031894934333959,0,2,318,2,2,3,470,11,1,0,1,1,1,3,0,2,-1,-0.3844776441819207,2,-1,1,-1
2025-11-04 08:52:47.486000+00:00,pfsense.home.arpa,0.0,86601,3,"ids, suricata",suricata: alert - suricata applayer detect protocol only one direction,json,/var/log/suricata/suricata_em044793/eve.json,nan,nan,0.0,,,,nan,nan,alert,http,tcp,192.168.180.1,43774.0,192.168.180.129,80.0,3.0,suricata applayer detect protocol only one direction,generic protocol command decode,21402.0,699.0,17.0,6.0,21402699.0,0.0,,8,1,52,0,0,0,1,0,0,web,1,16.87902764025784,nan,0.0,23.0,0.7391304347826086,1,1,1,1,0,0,0,3,0,0,1,1,52,1,1,0,1,1,0,70,10,0,0,0,info,0,0,0,4.034,9,0.9,0,1.0,1066,0,51.0,0,4.031894934333959,1.031894934333959,0,2,318,2,2,3,470,11,1,0,1,1,1,3,0,2,-1,-1.8660480200973997,2,-1,1,-1
2025-11-04 08:55:16.580000+00:00,pfsense.home.arpa,0.0,86601,3,"ids, suricata",suricata: alert - gpl dns named version attempt,json,/var/log/suricata/suricata_em044793/eve.json,nan,nan,0.0,,,,nan,nan,alert,dns,udp,192.168.180.1,51632.0,192.168.180.129,53.0,2.0,gpl dns named version attempt,attempted information leak,72.0,0.0,1.0,0.0,720.0,0.0,,8,1,55,0,0,0,1,0,0,web,1,6.580639137284949,medium,0.0,1.0,1.0,1,1,1,1,0,0,0,3,0,0,1,1,29,1,1,0,1,0,0,47,8,0,0,0,info,0,0,0,149.094,10,1.0,0,1.0,1066,0,51.0,0,4.031894934333959,1.031894934333959,0,3,316,2,2,3,470,8,0,0,0,1,1,3,0,1,-1,-0.40403114179094546,2,-1,1,-1
2025-11-04 08:55:18.636000+00:00,pfsense.home.arpa,0.0,86601,3,"ids, suricata",suricata: alert - suricata applayer detect protocol only one direction,json,/var/log/suricata/suricata_em044793/eve.json,nan,nan,0.0,,,,nan,nan,alert,http,tcp,192.168.180.1,47730.0,192.168.180.129,80.0,3.0,suricata applayer detect protocol only one direction,generic protocol command decode,32378.0,1887.0,25.0,24.0,323781887.0,0.0,,8,1,55,0,0,0,1,0,0,web,1,19.59558066188053,nan,0.0,49.0,0.5102040816326531,1,1,1,1,0,0,0,3,0,0,1,1,52,1,1,0,1,1,0,70,10,0,0,0,info,0,0,0,2.056,11,1.1,0,1.0,1066,0,51.0,0,4.031894934333959,1.031894934333959,0,2,318,2,2,3,470,11,1,0,1,1,1,3,0,2,-1,-0.443383372465523,2,-1,1,-1
2025-11-04 13:13:39.909000+00:00,pfsense.home.arpa,0.0,86601,3,"ids, suricata",suricata: alert - suricata applayer detect protocol only one direction,json,/var/log/suricata/suricata_em044793/eve.json,nan,nan,0.0,,,,nan,nan,alert,http,tcp,192.168.180.1,47370.0,192.168.180.129,80.0,3.0,suricata applayer detect protocol only one direction,generic protocol command decode,32378.0,1359.0,25.0,16.0,323781359.0,0.0,,13,1,13,0,0,1,1,0,0,web,1,19.59557903115179,nan,0.0,41.0,0.6097560975609756,1,1,1,1,0,0,0,3,0,0,1,1,52,1,1,0,1,1,0,70,10,0,0,0,info,0,0,0,15501.273,1,0.1,0,-10.0,1066,0,51.0,0,4.031894934333959,1.031894934333959,0,2,318,2,2,3,470,11,1,0,1,1,1,3,0,2,-1,-0.5486222446021977,2,-1,1,-1
2025-11-04 13:13:39.910000+00:00,pfsense.home.arpa,0.0,86601,3,"ids, suricata",suricata: alert - suricata stream fin2 fin with wrong seq,json,/var/log/suricata/suricata_em044793/eve.json,nan,nan,0.0,,,,nan,nan,alert,http,tcp,192.168.180.129,80.0,192.168.180.1,47370.0,3.0,suricata stream fin2 fin with wrong seq,generic protocol command decode,32456.0,1557.0,26.0,19.0,324561557.0,0.0,,13,1,13,0,0,1,0,1,0,registered,0,19.597985777196026,nan,0.0,45.0,0.5777777777777777,1,1,1,1,0,0,0,3,0,0,1,1,39,1,1,0,1,1,0,57,10,0,0,0,info,0,0,0,0.001,2,0.2,0,1.0,1066,0,127.0,0,4.031894934333959,1.031894934333959,0,2,323,2,2,3,470,16,1,0,1,1,1,2,0,2,-1,-0.4539871237315983,2,-1,1,-1
2025-11-04 13:13:39.916000+00:00,pfsense.home.arpa,0.0,86601,3,"ids, suricata",suricata: alert - suricata stream fin2 fin with wrong seq,json,/var/log/suricata/suricata_em044793/eve.json,nan,nan,0.0,,,,nan,nan,alert,http,tcp,192.168.180.129,80.0,192.168.180.1,47370.0,3.0,suricata stream fin2 fin with wrong seq,generic protocol command decode,32612.0,1689.0,28.0,21.0,326121689.0,0.0,,13,1,13,0,0,1,0,1,0,registered,0,19.6027811518871,nan,0.0,49.0,0.5714285714285714,1,1,1,1,0,0,0,3,0,0,1,1,39,1,1,0,1,1,0,57,10,0,0,0,info,0,0,0,0.006,3,0.3,0,1.0,1066,0,127.0,0,4.031894934333959,1.031894934333959,0,2,323,2,2,3,470,16,1,0,1,1,1,2,0,2,-1,-0.3595086740284856,2,-1,1,-1
2025-11-04 13:13:39.916000+00:00,pfsense.home.arpa,0.0,86601,3,"ids, suricata",suricata: alert - suricata stream fin2 fin with wrong seq,json,/var/log/suricata/suricata_em044793/eve.json,nan,nan,0.0,,,,nan,nan,alert,http,tcp,192.168.180.129,80.0,192.168.180.1,47370.0,3.0,suricata stream fin2 fin with wrong seq,generic protocol command decode,32534.0,1623.0,27.0,20.0,325341623.0,0.0,,13,1,13,0,0,1,0,1,0,registered,0,19.60038633899111,nan,0.0,47.0,0.574468085106383,1,1,1,1,0,0,0,3,0,0,1,1,39,1,1,0,1,1,0,57,10,0,0,0,info,0,0,0,0.0,4,0.4,0,1.0,1066,0,127.0,0,4.031894934333959,1.031894934333959,0,2,323,2,2,3,470,16,1,0,1,1,1,2,0,2,-1,-0.39573003167286586,2,-1,1,-1
2025-11-04 13:13:39.923000+00:00,pfsense.home.arpa,0.0,86601,3,"ids, suricata",suricata: alert - suricata stream fin2 fin with wrong seq,json,/var/log/suricata/suricata_em044793/eve.json,nan,nan,0.0,,,,nan,nan,alert,http,tcp,192.168.180.129,80.0,192.168.180.1,47370.0,3.0,suricata stream fin2 fin with wrong seq,generic protocol command decode,32846.0,1887.0,31.0,24.0,328461887.0,0.0,,13,1,13,0,0,1,0,1,0,registered,0,19.60993137089346,nan,0.0,55.0,0.5636363636363636,1,1,1,1,0,0,0,3,0,0,1,1,39,1,1,0,1,1,0,57,10,0,0,0,info,0,0,0,0.0,7,0.7,0,1.0,1066,0,127.0,0,4.031894934333959,1.031894934333959,0,2,323,2,2,3,470,16,1,0,1,1,1,2,0,2,-1,-0.37826487320025254,2,-1,1,-1
2025-11-04 13:13:39.923000+00:00,pfsense.home.arpa,0.0,86601,3,"ids, suricata",suricata: alert - suricata stream fin2 fin with wrong seq,json,/var/log/suricata/suricata_em044793/eve.json,nan,nan,0.0,,,,nan,nan,alert,http,tcp,192.168.180.129,80.0,192.168.180.1,47370.0,3.0,suricata stream fin2 fin with wrong seq,generic protocol command decode,32924.0,1953.0,32.0,25.0,329241953.0,0.0,,13,1,13,0,0,1,0,1,0,registered,0,19.612303460931436,nan,0.0,57.0,0.5614035087719298,1,1,1,1,0,0,0,3,0,0,1,1,39,1,1,0,1,1,0,57,10,0,0,0,info,0,0,0,0.0,8,0.8,0,1.0,1066,0,127.0,0,4.031894934333959,1.031894934333959,0,2,323,2,2,3,470,16,1,0,1,1,1,2,0,2,-1,-0.43050224193127695,2,-1,1,-1
2025-11-04 13:13:39.964000+00:00,pfsense.home.arpa,0.0,86601,3,"ids, suricata",suricata: alert - suricata stream fin2 fin with wrong seq,json,/var/log/suricata/suricata_em044793/eve.json,nan,nan,0.0,,,,nan,nan,alert,http,tcp,192.168.180.129,80.0,192.168.180.1,47370.0,3.0,suricata stream fin2 fin with wrong seq,generic protocol command decode,33002.0,2019.0,33.0,26.0,330022019.0,0.0,,13,1,13,0,0,1,0,1,0,registered,0,19.614669937471362,nan,0.0,59.0,0.559322033898305,1,1,1,1,0,0,0,3,0,0,1,1,39,1,1,0,1,1,0,57,10,0,0,0,info,0,0,0,0.041,9,0.9,0,1.0,1066,0,127.0,0,4.031894934333959,1.031894934333959,0,2,323,2,2,3,470,16,1,0,1,1,1,2,0,2,-1,-0.5030213821294122,2,-1,1,-1
2025-11-04 13:15:33.151000+00:00,pfsense.home.arpa,0.0,86601,3,"ids, suricata",suricata: alert - suricata applayer detect protocol only one direction,json,/var/log/suricata/suricata_em044793/eve.json,nan,nan,0.0,,,,nan,nan,alert,http,tcp,192.168.180.1,35522.0,192.168.180.129,80.0,3.0,suricata applayer detect protocol only one direction,generic protocol command decode,32378.0,1161.0,25.0,13.0,323781161.0,0.0,,13,1,15,0,0,1,1,0,0,web,1,19.595578419627824,nan,0.0,38.0,0.6578947368421053,1,1,1,1,0,0,0,3,0,0,1,1,52,1,1,0,1,1,0,70,10,0,0,0,info,0,0,0,113.187,10,1.0,0,1.0,1066,0,51.0,0,4.031894934333959,1.031894934333959,0,2,318,2,2,3,470,11,1,0,1,1,1,3,0,2,-1,-0.6652904386087694,2,-1,1,-1
2025-11-04 13:15:33.165000+00:00,pfsense.home.arpa,0.0,86601,3,"ids, suricata",suricata: alert - suricata stream fin2 fin with wrong seq,json,/var/log/suricata/suricata_em044793/eve.json,nan,nan,0.0,,,,nan,nan,alert,http,tcp,192.168.180.129,80.0,192.168.180.1,35522.0,3.0,suricata stream fin2 fin with wrong seq,generic protocol command decode,32924.0,2019.0,32.0,26.0,329242019.0,0.0,,13,1,15,0,0,1,0,1,0,registered,0,19.612303661391895,nan,0.0,58.0,0.5517241379310345,1,1,1,1,0,0,0,3,0,0,1,1,39,1,1,0,1,1,0,57,10,0,0,0,info,0,0,0,0.007,15,1.5,0,1.0,1066,0,127.0,0,4.031894934333959,1.031894934333959,0,2,323,2,2,3,470,16,1,0,1,1,1,2,0,2,-1,-0.41461777389812443,2,-1,1,-1
2025-11-04 13:18:12.016000+00:00,pfsense.home.arpa,0.0,86601,3,"ids, suricata",suricata: alert - et scan suspicious inbound to postgresql port 5432,json,/var/log/suricata/suricata_em044793/eve.json,nan,nan,0.0,,,,nan,nan,alert,nan,tcp,192.168.180.1,38327.0,192.168.180.129,5432.0,2.0,et scan suspicious inbound to postgresql port 5432,potentially bad traffic,60.0,0.0,1.0,0.0,600.0,0.0,,13,1,18,0,0,1,0,1,0,registered,1,6.398594934535208,medium,0.0,1.0,1.0,1,1,1,1,0,0,0,3,0,0,1,1,50,1,1,0,1,0,0,68,11,2,0,0,info,0,0,0,158.851,18,1.8,0,1.0,1066,0,51.0,0,4.031894934333959,1.031894934333959,0,2,315,2,2,3,470,7,6,0,2,1,1,2,0,1,-1,-0.3736652134268373,2,-1,1,-1
2025-11-04 13:19:09.303000+00:00,pfsense.home.arpa,0.0,86601,3,"ids, suricata",suricata: alert - gpl dns named version attempt,json,/var/log/suricata/suricata_em044793/eve.json,nan,nan,0.0,,,,nan,nan,alert,dns,udp,192.168.180.1,60580.0,192.168.180.129,53.0,2.0,gpl dns named version attempt,attempted information leak,72.0,0.0,1.0,0.0,720.0,0.0,,13,1,19,0,0,1,1,0,0,web,1,6.580639137284949,medium,0.0,1.0,1.0,1,1,1,1,0,0,0,3,0,0,1,1,29,1,1,0,1,0,0,47,8,0,0,0,info,0,0,0,49.217,22,2.2,0,1.0,1066,0,51.0,0,4.031894934333959,1.031894934333959,0,3,316,2,2,3,470,8,0,0,0,1,1,3,0,1,-1,-0.4172762402139767,2,-1,1,-1
2025-11-04 13:20:31.961000+00:00,pfsense.home.arpa,0.0,86601,3,"ids, suricata",suricata: alert - et scan suspicious inbound to postgresql port 5432,json,/var/log/suricata/suricata_em044793/eve.json,nan,nan,0.0,,,,nan,nan,alert,nan,tcp,192.168.180.1,52160.0,192.168.180.129,5432.0,2.0,et scan suspicious inbound to postgresql port 5432,potentially bad traffic,60.0,0.0,1.0,0.0,600.0,0.0,,13,1,20,0,0,1,0,1,0,registered,1,6.398594934535208,medium,0.0,1.0,1.0,1,1,1,1,0,0,0,3,0,0,1,1,50,1,1,0,1,0,0,68,11,2,0,0,info,0,0,0,82.658,23,2.3,0,1.0,1066,0,51.0,0,4.031894934333959,1.031894934333959,0,2,315,2,2,3,470,7,6,0,2,1,1,2,0,1,-1,-0.4045481331753984,2,-1,1,-1
2025-11-04 13:20:33.059000+00:00,pfsense.home.arpa,0.0,86601,3,"ids, suricata",suricata: alert - et scan suspicious inbound to postgresql port 5432,json,/var/log/suricata/suricata_em044793/eve.json,nan,nan,0.0,,,,nan,nan,alert,nan,tcp,192.168.180.1,52162.0,192.168.180.129,5432.0,2.0,et scan suspicious inbound to postgresql port 5432,potentially bad traffic,60.0,0.0,1.0,0.0,600.0,0.0,,13,1,20,0,0,1,0,1,0,registered,1,6.398594934535208,medium,0.0,1.0,1.0,1,1,1,1,0,0,0,3,0,0,1,1,50,1,1,0,1,0,0,68,11,2,0,0,info,0,0,0,1.098,24,2.4,0,1.0,1066,0,51.0,0,4.031894934333959,1.031894934333959,0,2,315,2,2,3,470,7,6,0,2,1,1,2,0,1,-1,-0.4020836763576807,2,-1,1,-1
2025-11-04 13:21:25.883000+00:00,pfsense.home.arpa,0.0,86601,3,"ids, suricata",suricata: alert - gpl dns named version attempt,json,/var/log/suricata/suricata_em044793/eve.json,nan,nan,0.0,,,,nan,nan,alert,dns,udp,192.168.180.1,60347.0,192.168.180.129,53.0,2.0,gpl dns named version attempt,attempted information leak,72.0,0.0,1.0,0.0,720.0,0.0,,13,1,21,0,0,1,1,0,0,web,1,6.580639137284949,medium,0.0,1.0,1.0,1,1,1,1,0,0,0,3,0,0,1,1,29,1,1,0,1,0,0,47,8,0,0,0,info,0,0,0,47.887,26,2.6,0,1.0,1066,0,51.0,0,4.031894934333959,1.031894934333959,0,3,316,2,2,3,470,8,0,0,0,1,1,3,0,1,-1,-0.4094971965927958,2,-1,1,-1
2025-11-04 13:21:29.531000+00:00,pfsense.home.arpa,0.0,86601,3,"ids, suricata",suricata: alert - suricata applayer detect protocol only one direction,json,/var/log/suricata/suricata_em044793/eve.json,nan,nan,0.0,,,,nan,nan,alert,http,tcp,192.168.180.1,60132.0,192.168.180.129,80.0,3.0,suricata applayer detect protocol only one direction,generic protocol command decode,32378.0,1887.0,25.0,24.0,323781887.0,0.0,,13,1,21,0,0,1,1,0,0,web,1,19.59558066188053,nan,0.0,49.0,0.5102040816326531,1,1,1,1,0,0,0,3,0,0,1,1,52,1,1,0,1,1,0,70,10,0,0,0,info,0,0,0,3.648,27,2.7,0,1.0,1066,0,51.0,0,4.031894934333959,1.031894934333959,0,2,318,2,2,3,470,11,1,0,1,1,1,3,0,2,-1,-0.5161338721883397,2,-1,1,-1
2025-11-04 13:22:55.083000+00:00,pfsense.home.arpa,0.0,86601,3,"ids, suricata",suricata: alert - gpl dns named version attempt,json,/var/log/suricata/suricata_em044793/eve.json,nan,nan,0.0,,,,nan,nan,alert,dns,udp,192.168.180.1,53915.0,192.168.180.129,53.0,2.0,gpl dns named version attempt,attempted information leak,72.0,0.0,1.0,0.0,720.0,0.0,,13,1,22,0,0,1,1,0,0,web,1,6.580639137284949,medium,0.0,1.0,1.0,1,1,1,1,0,0,0,3,0,0,1,1,29,1,1,0,1,0,0,47,8,0,0,0,info,0,0,0,0.802,40,4.0,0,1.0,1066,0,51.0,0,4.031894934333959,1.031894934333959,0,3,316,2,2,3,470,8,0,0,0,1,1,3,0,1,-1,-0.3493936942326381,2,-1,1,-1
2025-11-14 08:52:17.654000+00:00,wazuh-server,0.0,40704,5,"local, systemd",systemd: service exited due to a failure.,systemd,journald,nan,nan,0.0,,,,nan,nan,nan,nan,nan,,0.0,,0.0,0.0,nan,nan,0.0,0.0,0.0,0.0,0.0,0.0,"Nov 14 08:52:16 wazuh-server systemd[1]: fwupd-refresh.service: Main process exited, code=exited, status=1/FAILURE",8,4,52,0,0,0,0,0,0,web,0,0.0,tiny,0.0,0.0,0.0,0,0,0,1,0,0,0,3,0,0,0,0,3,0,0,0,1,0,0,41,7,0,0,0,low,0,0,0,846736.492,1,0.1,0,-9.0,1020,0,,0,4.486274509803922,0.5137254901960784,1,1,327,14,3,3,470,10,4,1,2,1,1,3,1,3,-1,-3.2891856513717372,2,1,-1,-1
2025-11-14 08:56:26.563000+00:00,pfsense.home.arpa,0.0,2501,5,"syslog, access_control, authentication_failed",syslog: user authentication failure.,nan,/var/log/auth.log,nan,nan,0.0,,,,nan,nan,nan,nan,nan,,0.0,,0.0,0.0,nan,nan,0.0,0.0,0.0,0.0,0.0,0.0,Nov  4 13:58:17 pfSense php-fpm[392]: /index.php: webConfigurator authentication error for user 'pfsense' from: 172.16.158.1,8,4,56,0,0,0,0,0,0,web,0,0.0,tiny,0.0,0.0,0.0,0,0,0,1,0,0,0,3,0,0,0,0,3,0,0,0,1,0,0,36,4,0,1,0,low,0,0,0,846506.104,1,0.1,0,0.0,1066,0,,0,4.031894934333959,0.968105065666041,0,1,324,4,0,3,470,10,4,1,2,1,1,3,1,3,-1,-3.3622472451855443,2,1,-1,-1
2025-11-14 08:56:36.637000+00:00,pfsense.home.arpa,0.0,86601,3,"ids, suricata",suricata: alert - suricata applayer detect protocol only one direction,json,/var/log/suricata/suricata_em044793/eve.json,nan,nan,0.0,,,,nan,nan,alert,dns,tcp,192.168.180.129,57087.0,193.0.14.129,53.0,3.0,suricata applayer detect protocol only one direction,generic protocol command decode,341.0,1375.0,5.0,4.0,3411375.0,0.0,,8,4,56,0,0,0,1,0,0,web,1,15.04262628692936,nan,0.0,9.0,0.5555555555555556,1,0,0,1,0,0,0,3,0,0,1,1,52,1,1,0,1,0,0,70,10,0,0,0,info,0,0,0,10.074,2,0.2,0,1.0,1066,0,127.0,0,4.031894934333959,1.031894934333959,0,2,318,2,2,3,470,11,1,0,0,1,1,3,0,2,-1,-0.6576796212366077,2,-1,1,-1
2025-11-15 02:25:35.462000+00:00,wazuh-server,0.0,554,5,"ossec, syscheck, syscheck_entry_added, syscheck_file",file added to the system.,syscheck_new_entry,syscheck,added,/boot/vmlinuz-6.8.0-87-generic,15006088.0,80331bc747b2930113ca405f242497917366febb2c5916f9760c13c0faa7b5a7,root,2025-10-10T18:41:40,nan,nan,nan,nan,nan,,0.0,,0.0,0.0,nan,nan,0.0,0.0,0.0,0.0,0.0,15006088.0,File '/boot/vmlinuz-6.8.0-87-generic' added | Mode: scheduled | ,2,5,25,1,1,0,0,0,0,web,0,0.0,tiny,16.523966610031174,0.0,0.0,0,0,0,1,1,0,0,30,0,0,0,0,3,0,0,0,1,0,0,25,5,0,0,1,low,0,0,0,63122.426,1,0.1,0,-70.0,1020,0,,0,4.486274509803922,0.5137254901960784,1,1,287,13,7,0,10,10,4,1,2,1,1,3,1,3,-1,-2.6059219489816488,3,-1,-1,-1
2025-11-15 02:25:35.971000+00:00,wazuh-server,0.0,554,5,"ossec, syscheck, syscheck_entry_added, syscheck_file",file added to the system.,syscheck_new_entry,syscheck,added,/boot/system.map-6.8.0-87-generic,9114947.0,1b6a4fea3f3291f9e104f58094ea5086003cc1af8e0f3eaace83814bb3f7fe91,root,2025-10-10T18:20:13,nan,nan,nan,nan,nan,,0.0,,0.0,0.0,nan,nan,0.0,0.0,0.0,0.0,0.0,9114947.0,File '/boot/System.map-6.8.0-87-generic' added | Mode: scheduled | ,2,5,25,1,1,0,0,0,0,web,0,0.0,tiny,16.025426261196564,0.0,0.0,0,0,0,1,1,0,0,33,0,0,0,0,3,0,0,0,1,0,0,25,5,0,0,1,low,0,0,0,0.127,6,0.6,0,1.0,1020,0,,0,4.486274509803922,0.5137254901960784,1,1,287,13,7,0,7,10,4,1,2,1,1,3,1,3,-1,-2.3984380761331088,2,1,-1,-1
2025-11-15 02:25:36.216000+00:00,wazuh-server,0.0,554,5,"ossec, syscheck, syscheck_entry_added, syscheck_file",file added to the system.,syscheck_new_entry,syscheck,added,/boot/initrd.img-6.8.0-87-generic,74619911.0,84d0e0a483d6854732fa52745dea7889430ed92f410de56199ad5922a0ff8124,root,2025-11-14T08:53:00,nan,nan,nan,nan,nan,,0.0,,0.0,0.0,nan,nan,0.0,0.0,0.0,0.0,0.0,74619911.0,File '/boot/initrd.img-6.8.0-87-generic' added | Mode: scheduled | ,2,5,25,1,1,0,0,0,0,web,0,0.0,tiny,18.127917946448093,0.0,0.0,0,0,0,1,1,0,0,33,0,0,0,0,3,0,0,0,1,0,0,25,5,0,0,1,low,0,0,0,0.245,7,0.7,0,1.0,1020,0,,0,4.486274509803922,0.5137254901960784,1,1,287,13,7,0,4,10,4,1,2,1,1,3,1,3,-1,-6.763297158112166,3,-1,-1,-1
2025-11-15 02:25:37.582000+00:00,wazuh-server,0.0,553,7,"ossec, syscheck, syscheck_entry_deleted, syscheck_file",file deleted.,syscheck_deleted,syscheck,deleted,/boot/system.map-6.8.0-85-generic,9116702.0,bf64d51c3784f985c8b3afed596c6110046486211ec62ad2a9134251994b4205,root,2025-09-18T12:48:00,nan,nan,nan,nan,nan,,0.0,,0.0,0.0,nan,nan,0.0,0.0,0.0,0.0,0.0,9116702.0,File '/boot/System.map-6.8.0-85-generic' deleted | Mode: scheduled | ,2,5,25,1,1,0,0,0,0,web,0,0.0,tiny,16.025618783530984,0.0,0.0,0,0,0,1,0,0,1,33,0,0,0,0,3,0,0,0,1,0,0,13,2,0,0,1,low,0,0,1,0.051,18,1.8,0,1.0,1020,0,,0,4.486274509803922,2.5137254901960784,1,1,288,11,7,1,6,10,4,1,2,1,1,3,1,3,-1,-0.6192716151485983,2,-1,1,-1
2025-11-15 02:25:37.582000+00:00,wazuh-server,0.0,553,7,"ossec, syscheck, syscheck_entry_deleted, syscheck_file",file deleted.,syscheck_deleted,syscheck,deleted,/boot/initrd.img-6.8.0-85-generic,74662540.0,c48373e0b6d2a51e15f30e12fbf901cd98fc15929e1f6ddece3ea1bfe170453b,root,2025-10-20T15:08:44,nan,nan,nan,nan,nan,,0.0,,0.0,0.0,nan,nan,0.0,0.0,0.0,0.0,0.0,74662540.0,File '/boot/initrd.img-6.8.0-85-generic' deleted | Mode: scheduled | ,2,5,25,1,1,0,0,0,0,web,0,0.0,tiny,18.128489065160334,0.0,0.0,0,0,0,1,0,0,1,33,0,0,0,0,3,0,0,0,1,0,0,13,2,0,0,1,low,0,0,1,0.0,19,1.9,0,1.0,1020,0,,0,4.486274509803922,2.5137254901960784,1,1,288,11,7,1,3,10,4,1,2,1,1,3,1,3,-1,-3.344943426983459,2,-1,1,-1
2025-11-15 02:25:37.582000+00:00,wazuh-server,0.0,553,7,"ossec, syscheck, syscheck_entry_deleted, syscheck_file",file deleted.,syscheck_deleted,syscheck,deleted,/boot/vmlinuz-6.8.0-85-generic,15026568.0,bc979b3b7b30c227183be377cf804ce0abb7e0bfccf663005e616d45b6da9ec0,root,2025-09-18T13:17:56,nan,nan,nan,nan,nan,,0.0,,0.0,0.0,nan,nan,0.0,0.0,0.0,0.0,0.0,15026568.0,File '/boot/vmlinuz-6.8.0-85-generic' deleted | Mode: scheduled | ,2,5,25,1,1,0,0,0,0,web,0,0.0,tiny,16.525330458890274,0.0,0.0,0,0,0,1,0,0,1,30,0,0,0,0,3,0,0,0,1,0,0,13,2,0,0,1,low,0,0,1,0.0,21,2.1,0,1.0,1020,0,,0,4.486274509803922,2.5137254901960784,1,1,288,11,7,1,9,10,4,1,2,1,1,3,1,3,-1,-1.0053108162507283,2,-1,1,-1
2025-11-15 02:42:49.980000+00:00,pfsense.home.arpa,0.0,86601,3,"ids, suricata",suricata: alert - suricata applayer detect protocol only one direction,json,/var/log/suricata/suricata_em044793/eve.json,nan,nan,0.0,,,,nan,nan,alert,dns,tcp,192.168.180.129,22507.0,192.36.148.17,53.0,3.0,suricata applayer detect protocol only one direction,generic protocol command decode,377.0,248.0,5.0,4.0,377248.0,0.0,,2,5,42,1,1,0,1,0,0,web,0,12.840660725864488,nan,0.0,9.0,0.5555555555555556,1,0,0,1,0,0,0,3,0,0,1,1,52,1,1,0,1,0,0,70,10,0,0,0,info,0,0,0,957.614,1,0.1,0,-10.0,1066,0,127.0,0,4.031894934333959,1.031894934333959,0,2,318,2,2,3,470,11,1,0,0,1,1,3,0,2,-1,-0.4033758040516396,2,-1,1,-1
2025-11-15 14:25:39.652000+00:00,wazuh-server,0.0,550,7,"ossec, syscheck, syscheck_entry_modified, syscheck_file",integrity checksum changed.,syscheck_integrity_changed,syscheck,modified,/boot/initrd.img-6.8.0-87-generic,74624784.0,7bf6a267d9e7d4e5630c88b98085da02e08ce4b45833ef9e9d255d081c3cc849,root,2025-11-15T06:15:04,nan,nan,nan,nan,nan,,0.0,,0.0,0.0,nan,nan,0.0,0.0,0.0,0.0,0.0,74624784.0,"File '/boot/initrd.img-6.8.0-87-generic' modified | Mode: scheduled | Changed attributes: size,inode,mtime,md5,sha1,sha256 | Size changed from '74619911' to '74624784' | Old modification time was: '1763110380', now it is '1763187304' | Old inode was: '20', now it is '15' | Old md5sum was: '3e4cefd6b1c2d3043ae33406b97ab51c' | New md5sum is : '1300a83b78454c034e0d4b79b4ab6fb9' | Old sha1sum was: '21ea315a51e37890f54cb289a5366b74912a7580' | New sha1sum is : '51546095dccec627a74bf611bb103d1470a2074f' | Old sha256sum was: '84d0e0a483d6854732fa52745dea7889430ed92f410de56199ad5922a0ff8124' | New sha256sum is : '7bf6a267d9e7d4e5630c88b98085da02e08ce4b45833ef9e9d255d081c3cc849' | ",14,5,25,0,1,0,0,0,0,web,0,0.0,tiny,18.127983248600863,0.0,0.0,0,0,0,1,0,1,0,33,0,0,0,0,3,0,0,0,1,0,0,27,3,0,0,1,low,0,0,1,29435.413,1,0.1,0,-15.0,1020,0,,0,4.486274509803922,2.5137254901960784,1,1,291,12,7,2,4,10,4,1,2,1,1,3,1,3,-1,-3.481365824867496,3,-1,-1,-1
2025-11-16 03:48:59.706000+00:00,pfsense.home.arpa,0.0,86601,3,"ids, suricata",suricata: alert - gpl icmp ping *nix,json,/var/log/suricata/suricata_em044793/eve.json,nan,nan,0.0,,,,nan,nan,alert,nan,icmp,192.168.180.131,0.0,192.168.180.129,0.0,3.0,gpl icmp ping *nix,misc activity,98.0,0.0,1.0,0.0,980.0,0.0,,3,6,48,1,1,0,0,0,0,web,0,6.8885724595653635,medium,0.0,1.0,1.0,1,1,1,1,0,0,0,3,0,0,1,1,18,1,1,0,1,0,0,36,7,0,0,0,info,0,0,0,173.148,9,0.9,0,1.0,1066,0,175.0,0,4.031894934333959,1.031894934333959,0,0,317,2,2,3,470,9,2,0,2,1,1,3,0,1,-1,-0.3591504473108869,2,-1,1,-1
2025-11-16 03:49:05.750000+00:00,pfsense.home.arpa,0.0,86601,3,"ids, suricata",suricata: alert - gpl icmp ping *nix,json,/var/log/suricata/suricata_em044793/eve.json,nan,nan,0.0,,,,nan,nan,alert,nan,icmp,192.168.180.131,0.0,192.168.180.129,0.0,3.0,gpl icmp ping *nix,misc activity,784.0,686.0,8.0,7.0,784686.0,0.0,,3,6,49,1,1,0,0,0,0,web,0,13.573040191137501,nan,0.0,15.0,0.5333333333333333,1,1,1,1,0,0,0,3,0,0,1,1,18,1,1,0,1,0,0,36,7,0,0,0,info,0,0,0,2.012,15,1.5,0,1.0,1066,0,175.0,0,4.031894934333959,1.031894934333959,0,0,317,2,2,3,470,9,2,0,2,1,1,3,0,2,-1,-0.4255694242991838,2,-1,1,-1
2025-11-16 04:13:50.848000+00:00,pfsense.home.arpa,0.0,5763,10,"syslog, sshd, authentication_failures",sshd: brute force trying to get access to the system. authentication failed.,sshd,/var/log/auth.log,nan,nan,0.0,,,,nan,nan,nan,nan,nan,,0.0,,0.0,0.0,nan,nan,0.0,0.0,0.0,0.0,0.0,0.0,Nov 16 04:13:49 pfSense sshd[47299]: Failed password for admin from 192.168.180.131 port 51988 ssh2,4,6,13,1,1,0,0,0,0,web,0,0.0,tiny,0.0,0.0,0.0,0,0,0,1,0,0,0,3,0,0,0,0,3,0,0,0,1,0,0,76,12,2,1,0,medium,0,0,1,0.005,8,0.8,0,1.0,1066,0,,0,4.031894934333959,5.968105065666041,0,1,305,9,0,3,470,10,4,1,2,1,1,3,2,3,-1,-5.6591539988551185,3,-1,-1,-1
2025-11-16 04:13:50.881000+00:00,pfsense.home.arpa,0.0,86601,3,"ids, suricata",suricata: alert - et scan potential ssh scan,json,/var/log/suricata/suricata_em044793/eve.json,nan,nan,0.0,,,,nan,nan,alert,nan,tcp,192.168.180.131,52004.0,192.168.180.129,22.0,2.0,et scan potential ssh scan,attempted information leak,74.0,0.0,1.0,0.0,740.0,0.0,,4,6,13,1,1,0,1,0,0,web,1,6.608000625296087,medium,0.0,1.0,1.0,1,1,1,1,0,0,0,3,0,0,1,1,26,1,1,0,1,0,0,44,8,1,0,0,info,0,0,0,0.017,14,1.4,0,1.0,1066,0,175.0,0,4.031894934333959,1.031894934333959,0,2,310,2,2,3,470,2,0,0,2,1,1,3,0,1,-1,-3.355516323202892,2,-1,-1,1
2025-11-16 04:13:50.895000+00:00,pfsense.home.arpa,0.0,86601,3,"ids, suricata",suricata: alert - suricata applayer detect protocol only one direction,json,/var/log/suricata/suricata_em044793/eve.json,nan,nan,0.0,,,,nan,nan,alert,ssh,tcp,192.168.180.131,52048.0,192.168.180.129,22.0,3.0,suricata applayer detect protocol only one direction,generic protocol command decode,295.0,294.0,4.0,4.0,295294.0,0.0,,4,6,13,1,1,0,1,0,0,web,1,12.59573013565504,nan,0.0,8.0,0.5,1,1,1,1,0,0,0,3,0,0,1,1,52,1,1,0,1,0,0,70,10,0,0,0,info,0,0,0,0.014,15,1.5,0,1.0,1066,0,175.0,0,4.031894934333959,1.031894934333959,0,2,318,2,2,3,470,11,1,0,4,1,1,3,0,2,-1,-4.567721132777627,3,-1,-1,-1
2025-11-16 04:13:50.897000+00:00,pfsense.home.arpa,0.0,86601,3,"ids, suricata",suricata: alert - suricata ssh invalid banner,json,/var/log/suricata/suricata_em044793/eve.json,nan,nan,0.0,,,,nan,nan,alert,ssh,tcp,192.168.180.131,52048.0,192.168.180.129,22.0,3.0,suricata ssh invalid banner,generic protocol command decode,295.0,294.0,4.0,4.0,295294.0,0.0,,4,6,13,1,1,0,1,0,0,web,1,12.59573013565504,nan,0.0,8.0,0.5,1,1,1,1,0,0,0,3,0,0,1,1,27,1,1,0,1,0,0,45,7,0,0,0,info,0,0,0,0.002,16,1.6,0,1.0,1066,0,175.0,0,4.031894934333959,1.031894934333959,0,2,319,2,2,3,470,12,1,0,4,1,1,3,0,2,-1,-3.7757061717177365,2,-1,-1,1
2025-11-16 04:13:50.901000+00:00,pfsense.home.arpa,0.0,86601,3,"ids, suricata",suricata: alert - suricata ssh invalid banner,json,/var/log/suricata/suricata_em044793/eve.json,nan,nan,0.0,,,,nan,nan,alert,ssh,tcp,192.168.180.129,22.0,192.168.180.131,52048.0,3.0,suricata ssh invalid banner,generic protocol command decode,361.0,360.0,5.0,5.0,361360.0,0.0,,4,6,13,1,1,0,0,0,1,dynamic,0,12.797632737648101,nan,0.0,10.0,0.5,1,1,1,1,0,0,0,3,0,0,1,1,27,1,1,0,1,0,0,45,7,0,0,0,info,0,0,0,0.004,17,1.7,0,1.0,1066,0,127.0,0,4.031894934333959,1.031894934333959,0,2,319,2,2,3,470,12,1,0,4,1,1,0,0,2,-1,-2.9641982614776894,3,-1,-1,-1
2025-11-16 04:17:06.285000+00:00,pfsense.home.arpa,0.0,86601,3,"ids, suricata",suricata: alert - et scan potential ssh scan,json,/var/log/suricata/suricata_em044793/eve.json,nan,nan,0.0,,,,nan,nan,alert,nan,tcp,192.168.180.131,60336.0,192.168.180.129,22.0,2.0,et scan potential ssh scan,attempted information leak,74.0,0.0,1.0,0.0,740.0,0.0,,4,6,17,1,1,0,1,0,0,web,1,6.608000625296087,medium,0.0,1.0,1.0,1,1,1,1,0,0,0,3,0,0,1,1,26,1,1,0,1,0,0,44,8,1,0,0,info,0,0,0,155.151,23,2.3,0,1.0,1066,0,175.0,0,4.031894934333959,1.031894934333959,0,2,310,2,2,3,470,2,0,0,2,1,1,3,0,1,-1,-3.467754084753459,3,-1,-1,-1
2025-11-16 04:17:06.324000+00:00,pfsense.home.arpa,0.0,5763,10,"syslog, sshd, authentication_failures",sshd: brute force trying to get access to the system. authentication failed.,sshd,/var/log/auth.log,nan,nan,0.0,,,,nan,nan,nan,nan,nan,,0.0,,0.0,0.0,nan,nan,0.0,0.0,0.0,0.0,0.0,0.0,Nov 16 04:17:05 pfSense sshd[89003]: Failed password for admin from 192.168.180.131 port 60338 ssh2,4,6,17,1,1,0,0,0,0,web,0,0.0,tiny,0.0,0.0,0.0,0,0,0,1,0,0,0,3,0,0,0,0,3,0,0,0,1,0,0,76,12,2,1,0,medium,0,0,1,0.018,29,2.9,0,1.0,1066,0,,0,4.031894934333959,5.968105065666041,0,1,305,9,0,3,470,10,4,1,2,1,1,3,2,3,-1,-4.649934391205476,3,-1,-1,-1
2025-11-16 04:17:06.362000+00:00,pfsense.home.arpa,0.0,86601,3,"ids, suricata",suricata: alert - suricata applayer detect protocol only one direction,json,/var/log/suricata/suricata_em044793/eve.json,nan,nan,0.0,,,,nan,nan,alert,ssh,tcp,192.168.180.131,60362.0,192.168.180.129,22.0,3.0,suricata applayer detect protocol only one direction,generic protocol command decode,295.0,294.0,4.0,4.0,295294.0,0.0,,4,6,17,1,1,0,1,0,0,web,1,12.59573013565504,nan,0.0,8.0,0.5,1,1,1,1,0,0,0,3,0,0,1,1,52,1,1,0,1,0,0,70,10,0,0,0,info,0,0,0,0.02,39,3.9,0,1.0,1066,0,175.0,0,4.031894934333959,1.031894934333959,0,2,318,2,2,3,470,11,1,0,4,1,1,3,0,2,-1,-4.605742140632356,3,-1,-1,-1
2025-11-16 04:17:06.362000+00:00,pfsense.home.arpa,0.0,86601,3,"ids, suricata",suricata: alert - suricata ssh invalid banner,json,/var/log/suricata/suricata_em044793/eve.json,nan,nan,0.0,,,,nan,nan,alert,ssh,tcp,192.168.180.131,60362.0,192.168.180.129,22.0,3.0,suricata ssh invalid banner,generic protocol command decode,295.0,294.0,4.0,4.0,295294.0,0.0,,4,6,17,1,1,0,1,0,0,web,1,12.59573013565504,nan,0.0,8.0,0.5,1,1,1,1,0,0,0,3,0,0,1,1,27,1,1,0,1,0,0,45,7,0,0,0,info,0,0,0,0.0,40,4.0,0,1.0,1066,0,175.0,0,4.031894934333959,1.031894934333959,0,2,319,2,2,3,470,12,1,0,4,1,1,3,0,2,-1,-4.132670375334668,3,-1,-1,-1
2025-11-16 04:17:06.371000+00:00,pfsense.home.arpa,0.0,86601,3,"ids, suricata",suricata: alert - suricata ssh invalid banner,json,/var/log/suricata/suricata_em044793/eve.json,nan,nan,0.0,,,,nan,nan,alert,ssh,tcp,192.168.180.129,22.0,192.168.180.131,60362.0,3.0,suricata ssh invalid banner,generic protocol command decode,361.0,360.0,5.0,5.0,361360.0,0.0,,4,6,17,1,1,0,0,0,1,dynamic,0,12.797632737648101,nan,0.0,10.0,0.5,1,1,1,1,0,0,0,3,0,0,1,1,27,1,1,0,1,0,0,45,7,0,0,0,info,0,0,0,0.009,41,4.1,0,1.0,1066,0,127.0,0,4.031894934333959,1.031894934333959,0,2,319,2,2,3,470,12,1,0,4,1,1,0,0,2,-1,-2.9700782737513785,3,-1,-1,-1
2025-11-16 09:09:29.209000+00:00,pfsense.home.arpa,0.0,86601,3,"ids, suricata",suricata: alert - suricata stream 3way handshake synack resend with different ack,json,/var/log/suricata/suricata_em044793/eve.json,nan,nan,0.0,,,,nan,nan,alert,nan,tcp,192.168.180.129,80.0,192.168.180.131,51730.0,3.0,suricata stream 3way handshake synack resend with different ack,generic protocol command decode,120.0,116.0,2.0,2.0,120116.0,0.0,,9,6,9,0,1,0,0,0,1,dynamic,0,11.69622154676041,nan,0.0,4.0,0.5,1,1,1,1,0,0,0,3,0,0,1,1,63,1,1,0,1,0,0,81,12,0,0,0,info,0,0,0,0.001,88,8.8,0,1.0,1066,0,127.0,0,4.031894934333959,1.031894934333959,0,2,321,2,2,3,470,14,1,0,2,1,1,0,0,2,-1,-3.280472751756965,2,1,-1,-1
2025-11-16 09:09:31.938000+00:00,pfsense.home.arpa,0.0,86601,3,"ids, suricata",suricata: alert - suricata stream 3way handshake synack resend with different ack,json,/var/log/suricata/suricata_em044793/eve.json,nan,nan,0.0,,,,nan,nan,alert,nan,tcp,192.168.180.129,80.0,192.168.180.131,51730.0,3.0,suricata stream 3way handshake synack resend with different ack,generic protocol command decode,240.0,174.0,4.0,3.0,240174.0,0.0,,9,6,9,0,1,0,0,0,1,dynamic,0,12.389123103277939,nan,0.0,7.0,0.5714285714285714,1,1,1,1,0,0,0,3,0,0,1,1,63,1,1,0,1,0,0,81,12,0,0,0,info,0,0,0,0.005,136,13.6,0,1.0,1066,0,127.0,0,4.031894934333959,1.031894934333959,0,2,321,2,2,3,470,14,1,0,2,1,1,0,0,2,-1,-2.9206608126849125,2,1,-1,-1
2025-11-16 09:11:39.847000+00:00,pfsense.home.arpa,0.0,86601,3,"ids, suricata",suricata: alert - suricata applayer detect protocol only one direction,json,/var/log/suricata/suricata_em044793/eve.json,nan,nan,0.0,,,,nan,nan,alert,ssh,tcp,192.168.180.131,39902.0,192.168.180.129,22.0,3.0,suricata applayer detect protocol only one direction,generic protocol command decode,295.0,294.0,4.0,4.0,295294.0,0.0,,9,6,11,0,1,0,1,0,0,web,1,12.59573013565504,nan,0.0,8.0,0.5,1,1,1,1,0,0,0,3,0,0,1,1,52,1,1,0,1,0,0,70,10,0,0,0,info,0,0,0,0.02,232,23.2,0,1.0,1066,0,175.0,0,4.031894934333959,1.031894934333959,0,2,318,2,2,3,470,11,1,0,4,1,1,3,0,2,-1,-4.246699747020305,2,1,-1,-1
2025-11-16 09:11:39.847000+00:00,pfsense.home.arpa,0.0,86601,3,"ids, suricata",suricata: alert - suricata ssh invalid banner,json,/var/log/suricata/suricata_em044793/eve.json,nan,nan,0.0,,,,nan,nan,alert,ssh,tcp,192.168.180.131,39902.0,192.168.180.129,22.0,3.0,suricata ssh invalid banner,generic protocol command decode,295.0,294.0,4.0,4.0,295294.0,0.0,,9,6,11,0,1,0,1,0,0,web,1,12.59573013565504,nan,0.0,8.0,0.5,1,1,1,1,0,0,0,3,0,0,1,1,27,1,1,0,1,0,0,45,7,0,0,0,info,0,0,0,0.0,233,23.3,0,1.0,1066,0,175.0,0,4.031894934333959,1.031894934333959,0,2,319,2,2,3,470,12,1,0,4,1,1,3,0,2,-1,-4.480391613871421,3,-1,-1,-1
2025-11-16 09:11:39.847000+00:00,pfsense.home.arpa,0.0,86601,3,"ids, suricata",suricata: alert - et scan potential ssh scan,json,/var/log/suricata/suricata_em044793/eve.json,nan,nan,0.0,,,,nan,nan,alert,nan,tcp,192.168.180.131,39814.0,192.168.180.129,22.0,2.0,et scan potential ssh scan,attempted information leak,74.0,0.0,1.0,0.0,740.0,0.0,,9,6,11,0,1,0,1,0,0,web,1,6.608000625296087,medium,0.0,1.0,1.0,1,1,1,1,0,0,0,3,0,0,1,1,26,1,1,0,1,0,0,44,8,1,0,0,info,0,0,0,0.0,234,23.4,0,1.0,1066,0,175.0,0,4.031894934333959,1.031894934333959,0,2,310,2,2,3,470,2,0,0,2,1,1,3,0,1,-1,-2.8012860856034236,2,-1,-1,1
2025-11-16 09:11:39.856000+00:00,pfsense.home.arpa,0.0,86601,3,"ids, suricata",suricata: alert - suricata ssh invalid banner,json,/var/log/suricata/suricata_em044793/eve.json,nan,nan,0.0,,,,nan,nan,alert,ssh,tcp,192.168.180.129,22.0,192.168.180.131,39902.0,3.0,suricata ssh invalid banner,generic protocol command decode,361.0,360.0,5.0,5.0,361360.0,0.0,,9,6,11,0,1,0,0,1,0,registered,0,12.797632737648101,nan,0.0,10.0,0.5,1,1,1,1,0,0,0,3,0,0,1,1,27,1,1,0,1,0,0,45,7,0,0,0,info,0,0,0,0.009,235,23.5,0,1.0,1066,0,127.0,0,4.031894934333959,1.031894934333959,0,2,319,2,2,3,470,12,1,0,4,1,1,2,0,2,-1,-3.903012608271465,2,1,-1,-1
2025-11-16 09:11:40.616000+00:00,pfsense.home.arpa,0.0,5763,10,"syslog, sshd, authentication_failures",sshd: brute force trying to get access to the system. authentication failed.,sshd,/var/log/auth.log,nan,nan,0.0,,,,nan,nan,nan,nan,nan,,0.0,,0.0,0.0,nan,nan,0.0,0.0,0.0,0.0,0.0,0.0,Nov 16 09:11:39 pfSense sshd[18158]: Failed password for root from 192.168.180.131 port 39908 ssh2,9,6,11,0,1,0,0,0,0,web,0,0.0,tiny,0.0,0.0,0.0,0,0,0,1,0,0,0,3,0,0,0,0,3,0,0,0,1,0,0,76,12,2,1,0,medium,0,0,1,0.002,242,24.2,0,1.0,1066,0,,0,4.031894934333959,5.968105065666041,0,1,305,9,0,3,470,10,4,1,2,1,1,3,2,3,-1,-1.5588130829221694,2,-1,1,-1
2025-11-17 08:15:47.599000+00:00,pfsense.home.arpa,0.0,86601,3,"ids, suricata",suricata: alert - suricata applayer detect protocol only one direction,json,/var/log/suricata/suricata_em044793/eve.json,nan,nan,0.0,,,,nan,nan,alert,dns,tcp,192.168.180.129,23946.0,199.19.56.1,53.0,3.0,suricata applayer detect protocol only one direction,generic protocol command decode,276.0,188.0,4.0,3.0,276188.0,0.0,,8,0,15,0,0,0,1,0,0,web,0,12.528840692951356,nan,0.0,7.0,0.5714285714285714,1,0,0,1,0,0,0,3,0,0,1,1,52,1,1,0,1,0,0,70,10,0,0,0,info,0,0,0,83046.969,1,0.1,0,-247.0,1066,0,127.0,0,4.031894934333959,1.031894934333959,0,2,318,2,2,3,470,11,1,0,0,1,1,3,0,2,-1,-3.29137369189036,2,-1,1,-1
2025-11-17 08:19:25.659000+00:00,pfsense.home.arpa,0.0,550,7,"ossec, syscheck, syscheck_entry_modified, syscheck_file",integrity checksum changed.,syscheck_integrity_changed,syscheck,modified,/etc/pwd.db,40960.0,9ef2f3a7ef00674ece190c6770209a3624afe5342bd4391abe49b97bb64db840,root,2025-11-16T12:04:05,nan,nan,nan,nan,nan,,0.0,,0.0,0.0,nan,nan,0.0,0.0,0.0,0.0,0.0,40960.0,"File '/etc/pwd.db' modified | Mode: scheduled | Changed attributes: inode,mtime,md5,sha1,sha256 | Old modification time was: '1763264718', now it is '1763294645' | Old inode was: '1524367', now it is '1524363' | Old md5sum was: '948c53ff9b508c1e49050cd6c7bbb61b' | New md5sum is : '876c1fa60aa928d5134ad00ef705c2c6' | Old sha1sum was: '0ff3ff45c5c5e8e49e015bdf7abf239135f329f5' | New sha1sum is : '7da5cc2a1067ab5f1a9dee69f21ed802145e9677' | Old sha256sum was: '79d18473627b3423b541493c7ddfb4ee6d50f2e42a9af4efd761fd09b14ec56b' | New sha256sum is : '9ef2f3a7ef00674ece190c6770209a3624afe5342bd4391abe49b97bb64db840' | ",8,0,19,0,0,0,0,0,0,web,0,0.0,tiny,10.620375673477872,0.0,0.0,0,0,0,1,0,1,0,11,1,0,0,0,3,0,0,0,1,0,0,27,3,0,0,1,low,0,0,1,0.003,410,41.0,1,1.0,1066,0,,0,4.031894934333959,2.968105065666041,0,1,291,12,7,2,415,10,4,1,2,1,1,3,1,3,-1,-1.005786583750144,2,-1,1,-1
2025-11-17 08:19:25.744000+00:00,pfsense.home.arpa,0.0,550,7,"ossec, syscheck, syscheck_entry_modified, syscheck_file",integrity checksum changed.,syscheck_integrity_changed,syscheck,modified,/etc/spwd.db,40960.0,6a438953de998ae9194f045d73fb6dd0886310b2eb1008791a8c12a4df02fda6,root,2025-11-16T12:04:05,nan,nan,nan,nan,nan,,0.0,,0.0,0.0,nan,nan,0.0,0.0,0.0,0.0,0.0,40960.0,"File '/etc/spwd.db' modified | Mode: scheduled | Changed attributes: inode,mtime,md5,sha1,sha256 | Old modification time was: '1763264718', now it is '1763294645' | Old inode was: '1524368', now it is '1524366' | Old md5sum was: '3ddff301422d5dbc8a7004bb4a47c6e1' | New md5sum is : '38560b468138bdddb2032947cde81c7e' | Old sha1sum was: '1d69dd1956c039515b675da6eb2369300eea787c' | New sha1sum is : '1bb11e072b6cc983a586e4140bf0c8e06c953087' | Old sha256sum was: '416dc30dbeffd040cf47d04e5495a8de9b8b296dadde348273530d9c44a7563e' | New sha256sum is : '6a438953de998ae9194f045d73fb6dd0886310b2eb1008791a8c12a4df02fda6' | ",8,0,19,0,0,0,0,0,0,web,0,0.0,tiny,10.620375673477872,0.0,0.0,0,0,0,1,0,1,0,12,1,0,0,0,3,0,0,0,1,0,0,27,3,0,0,1,low,0,0,1,0.074,412,41.2,1,1.0,1066,0,,0,4.031894934333959,2.968105065666041,0,1,291,12,7,2,426,10,4,1,2,1,1,3,1,3,-1,-1.010125082912337,2,-1,1,-1
2025-11-17 08:20:55.302000+00:00,pfsense.home.arpa,0.0,86601,3,"ids, suricata",suricata: alert - suricata applayer detect protocol only one direction,json,/var/log/suricata/suricata_em044793/eve.json,nan,nan,0.0,,,,nan,nan,alert,dns,tcp,192.168.180.129,42185.0,192.5.5.241,53.0,3.0,suricata applayer detect protocol only one direction,generic protocol command decode,263.0,188.0,4.0,3.0,263188.0,0.0,,8,0,20,0,0,0,1,0,0,web,1,12.480627684246864,nan,0.0,7.0,0.5714285714285714,1,0,0,1,0,0,0,3,0,0,1,1,52,1,1,0,1,0,0,70,10,0,0,0,info,0,0,0,89.55,417,41.7,1,1.0,1066,0,127.0,0,4.031894934333959,1.031894934333959,0,2,318,2,2,3,470,11,1,0,0,1,1,3,0,2,-1,-1.2049445574981577,2,-1,1,-1
2025-11-17 08:45:36.708000+00:00,pfsense.home.arpa,0.0,5715,3,"syslog, sshd, authentication_success",sshd: authentication success.,sshd,/var/log/auth.log,nan,nan,0.0,,,,nan,nan,nan,nan,nan,,0.0,,0.0,0.0,nan,nan,0.0,0.0,0.0,0.0,0.0,0.0,Nov 17 08:45:36 pfSense sshd[81833]: Accepted keyboard-interactive/pam for admin from 172.16.158.1 port 60898 ssh2,8,0,45,0,0,0,0,0,0,web,0,0.0,tiny,0.0,0.0,0.0,0,0,0,1,0,0,0,3,0,0,0,0,3,0,0,0,1,0,0,29,3,0,1,0,info,0,0,0,1481.406,1,0.1,0,-416.0,1066,0,,0,4.031894934333959,1.031894934333959,0,1,304,9,0,3,470,10,4,1,2,1,1,3,0,3,-1,-5.059893418251135,2,1,-1,-1
2025-11-17 12:20:27.446000+00:00,pfsense.home.arpa,0.0,86601,3,"ids, suricata",suricata: alert - et drop spamhaus drop listed traffic inbound group 17,json,/var/log/suricata/suricata_em044793/eve.json,nan,nan,0.0,,,,nan,nan,alert,ntp,udp,103.70.115.65,123.0,192.168.180.129,123.0,2.0,et drop spamhaus drop listed traffic inbound group 17,misc attack,90.0,90.0,1.0,1.0,9090.0,0.0,,12,0,20,0,0,1,1,0,0,https,0,9.115040192121858,large,0.0,2.0,0.5,0,1,0,1,0,0,0,3,0,0,1,1,53,1,1,0,1,0,0,71,12,0,0,0,info,0,0,0,1400.189,1,0.1,0,0.0,1066,0,2.0,1,4.031894934333959,1.031894934333959,0,3,308,2,2,3,470,0,3,0,3,1,1,1,0,0,-1,-7.286010790507842,2,1,-1,-1
2025-11-19 08:50:42.165000+00:00,wazuh-server,0.0,554,5,"ossec, syscheck, syscheck_entry_added, syscheck_file",file added to the system.,syscheck_new_entry,syscheck,added,/usr/bin/tldr-hs,27426432.0,d3bab81b7307a7ae24cd4898ed2cc41ce8f0d817a40a1a78c677ddd81a30aa5b,root,2023-10-25T06:19:39,nan,nan,nan,nan,nan,,0.0,,0.0,0.0,nan,nan,0.0,0.0,0.0,0.0,0.0,27426432.0,File '/usr/bin/tldr-hs' added | Mode: scheduled | ,8,2,50,0,0,0,0,0,0,web,0,0.0,tiny,17.12701781435576,0.0,0.0,0,0,0,1,1,0,0,16,1,0,0,0,3,0,0,0,1,0,0,25,5,0,0,1,low,0,0,0,0.527,2,0.2,0,1.0,1020,0,,0,4.486274509803922,0.5137254901960784,1,1,287,13,7,0,464,10,4,1,2,1,1,3,1,3,-1,-5.415506806287058,2,1,-1,-1
2025-11-19 08:59:47.012000+00:00,pfsense.home.arpa,0.0,86601,3,"ids, suricata",suricata: alert - et drop spamhaus drop listed traffic inbound group 17,json,/var/log/suricata/suricata_em044793/eve.json,nan,nan,0.0,,,,nan,nan,alert,ntp,udp,103.70.115.65,123.0,192.168.180.129,123.0,2.0,et drop spamhaus drop listed traffic inbound group 17,misc attack,90.0,90.0,1.0,1.0,9090.0,0.0,,8,2,59,0,0,0,1,0,0,https,0,9.115040192121858,large,0.0,2.0,0.5,0,1,0,1,0,0,0,3,0,0,1,1,53,1,1,0,1,0,0,71,12,0,0,0,info,0,0,0,0.02,12,1.2,0,1.0,1066,0,2.0,1,4.031894934333959,1.031894934333959,0,3,308,2,2,3,470,0,3,0,3,1,1,1,0,0,-1,-7.551739396649558,2,1,-1,-1
